<?xml version="1.0" encoding="UTF-8" standalone="yes"?>
<addon id="repository.Realstream" name="[COLOR orange]Realstream[/COLOR] Repo" version="1.2.6" provider-name="Netai">
    <requires>
        <import addon="xbmc.addon" version="12.0.0"/>
    </requires>
    <extension point="xbmc.addon.repository" name="Realstream-repo">
		<info>https://raw.githubusercontent.com/Andorth/Realstream-addon/master/repo/addons.xml</info>
		<checksum>https://raw.githubusercontent.com/Andorth/Realstream-addon/master/repo/addons.xml.md5</checksum>
		<datadir zip="true">https://raw.githubusercontent.com/Andorth/Realstream-addon/master/repo/</datadir>
	</extension>
    <extension point="xbmc.addon.metadata">
        <summary>Repositorio Real Stream</summary>
        <description>Soporte del addon Real Stream.</description>
        <disclaimer>Este addon es gratuito, no pagues por el.</disclaimer>
        <platform>all</platform>
    </extension>
</addon>
