<?xml version="1.0" encoding="UTF-8" standalone="yes"?>
<addon id="repository.Realstream" name="[COLOR orange]Realstream[/COLOR] Repo" version="1.2.1" provider-name="Netai">

    <extension point="xbmc.addon.repository" name="Realstream-repo">
		<info></info>
		<checksum></checksum>
		<datadir zip="true"></datadir>
	</extension>
    <extension point="xbmc.addon.metadata">
        <summary>Repositorio Real Stream</summary>
        <description>Soporte del addon Real Stream.</description>
        <disclaimer>Este addon es gratuito, no pagues por el.</disclaimer>
        <platform>all</platform>
    </extension>
</addon>
