<?xml version="1.0" encoding="UTF-8" standalone="yes"?>
<addon id="plugin.video.Real.stream"
       name="[COLOR orange]Real Stream[/COLOR]"
       version="0.3.3"
       provider-name="Netai">
  <requires>
    <import addon="xbmc.python" version="2.1.0"/>
    <import addon="script.module.simple.downloader" version="1.9.5"/>
	<import addon="plugin.program.favoritos-realstream" version="1.0.2"/>
    <import addon="script.module.urlresolver" optional="true"/>
    <import addon="script.extendedinfo" optional="true"/>
	<import addon="plugin.video.Real-torrent.pro" version="0.0.6"/>
	<import addon="plugin.video.Real-4k.pro" version="0.0.8"/>
	<import addon="plugin.video.torrentin" version="0.6.2"/>
  </requires>
  <extension point="xbmc.python.pluginsource" library="run.py">
    <provides>video</provides>
  </extension>
  <extension point="xbmc.addon.metadata">
    <summary lang="es">Libreria de tus peliculas.</summary>
    <language>es</language>
    <description lang="es">Libreria de peliculas de la nube en tu Kodi.</description>
     <platform>all</platform>
  </extension>
</addon>