<?xml version="1.0" encoding="UTF-8" standalone="yes"?>
<addon id="plugin.video.Real.stream"
       name="[COLOR orange]Real Stream[/COLOR]"
       version="0.4.4"
       provider-name="Netai">
  <requires>
    <import addon="xbmc.python" version="2.1.0"/>
    <import addon="script.module.simple.downloader" version="1.9.5"/>
	<import addon="plugin.program.favoritos-realstream" version="1.0.2"/>
    <import addon="script.module.urlresolver" optional="true"/>
    <import addon="script.extendedinfo" optional="true"/>
	<import addon="script.module.youtube.dl" optional="true"/>
    <import addon="plugin.video.youtube" />
	
  </requires>
  <extension point="xbmc.python.pluginsource" library="run.py">
    <provides>video</provides>
  </extension>
  <extension point="xbmc.addon.metadata">
    <summary lang="es">Libreria de tus peliculas.</summary>
    <language>es</language>
    <description lang="es">Visiona peliculas procedentes de internet en tu dispositivo. Este script no aloja contenido protegido en su interior. Es totalmente gratuito.</description>
     <platform>all</platform>
  </extension>
</addon>