<?xml version="1.0" encoding="UTF-8" standalone="yes"?>
<addon id="plugin.program.real.stream.fav" name="[COLOR gold]Real Stream[/COLOR] Favoritos" version="1.0.1" provider-name="spoyser/Netai">
  <requires>
    <import addon="xbmc.python" version="2.1.0"/>
	<import addon="script.module.metahandler" optional="true" />
  </requires>

  <extension point="xbmc.python.pluginsource" library="default.py">
        <provides>executable</provides>
  </extension>
  
  <extension point="xbmc.service" library="service.py" start="startup" />
  
  <extension point="xbmc.addon.metadata">
    <summary lang="es"></summary>
    <description lang="en">Addon Super favorites modificado para su uso con Real Stream addon. Ten clasificadas sus peliculas creando acceso directo a la misma para luego poderla reproducir. Agradecimentos a los creadores del Programa Addon Super Favorites.</description>
    <platform>all</platform>
    <language>en</language>
    <license>GNU GENERAL PUBLIC LICENSE. Version 2, June 1991</license>
    
    <website></website>
    <source></source>
    <email></email>
  </extension>
  
  <extension point="kodi.context.item" library="capture.py">		
      <item>
        <label>30000</label>
        <visible>true</visible>
      </item>
    </extension>
</addon>