<?xml version="1.0" encoding="UTF-8" standalone="yes"?>
<addon id="plugin.video.Real.stream"
       name="[COLOR fuchsia]Real Stream[/COLOR]"
       version="0.5.5"
       provider-name="Netai">
  <requires>
    <import addon="xbmc.python" version="2.1.0"/>
    <import addon="script.module.simple.downloader" version="1.9.5"/>
	<import addon="plugin.program.favoritos-realstream" version="1.0.2"/>
    <import addon="script.module.urlresolver"  version="5.0.33"/>
	<import addon="script.module.resolveurl"  version="5.0.27"/>
    <import addon="script.extendedinfo" optional="5.6.1"/>
	<import addon="script.mantenimiento" optional="true"/>
    <import addon="plugin.video.youtube" />
	
  </requires>
  <extension point="xbmc.python.pluginsource" library="run.py">
    <provides>video</provides>
  </extension>
  <extension point="xbmc.addon.metadata">
    <summary lang="es">Realstream</summary>
    <language>es</language>
    <description lang="es">Visiona peliculas procedentes de internet en tu dispositivo. Este script no aloja contenido protegido en su interior. Es totalmente gratuito.
	Cambios en esta version: Se ha adaptado el script dependencia ResolveURL de Jsergio. Se han eliminado categorias redundantes. Ahora se puede hacer busquedas por años, director, actor o servidor.
	Agregado apartado de videotutoriales.
	
	Version 0.5.5:
	Reparada la integracion con la videoteca Netai.
	Integracion total del Script ResolveURL de Jsergio
	Agregada Nuevos iconos en el menu.
	Incluida seccion de videotutoriales.
	Eliminadas categorias no necesarias en el menú de peliculas.
	Modificacion de settings y notificaciones.
	Ahora mostrara un aviso con la cantidad de tiempo permitida en el servidor.
	
	</description>
     <platform>all</platform>
  </extension>
</addon>