<?xml version="1.0" encoding="UTF-8" standalone="yes"?>
<addon id="plugin.video.Real.stream"
       name="[COLOR fuchsia]Real Stream[/COLOR]"
       version="0.5.5"
       provider-name="Netai">
  <requires>
    <import addon="xbmc.python" version="2.1.0"/>
    <import addon="script.module.simple.downloader" version="1.9.5"/>
	<import addon="plugin.program.favoritos-realstream" version="1.0.2"/>
    <import addon="script.module.urlresolver" version="5.0.0"/>
	<import addon="script.module.resolveurl" version="5.0.0"/>
    <import addon="script.extendedinfo" optional="true"/>
	<import addon="script.mantenimiento" optional="true"/>
    <import addon="plugin.video.youtube" />
	
  </requires>
  <extension point="xbmc.python.pluginsource" library="run.py">
    <provides>video</provides>
  </extension>
  <extension point="xbmc.addon.metadata">
    <summary lang="es">Libreria de tus peliculas.</summary>
    <language>es</language>
    <description lang="es">Visiona peliculas procedentes de internet en tu dispositivo. Este script no aloja contenido protegido en su interior. Es totalmente gratuito.
	Cambios en esta version: Se ha adaptado el script dependencia ResolveURL de Jsergio. Se han eliminado categorias redundantes. Ahora se puede hacer busquedas por años, director, actor o servidor.
	Agregado apartado de videotutoriales.
	</description>
     <platform>all</platform>
  </extension>
</addon>