<?xml version="1.0" encoding="UTF-8" standalone="yes"?>
<addon id="script.mantenimiento"
       name="Mantenimiento de Kodi"
       version="0.0.2"
       provider-name="SchisM/Netai">
  <requires>
    <import addon="xbmc.python" version="2.1.0"/>
  </requires>
 	<extension point="xbmc.python.pluginsource" library="default.py">
		<provides>executable</provides>
	</extension> 
  <extension point="xbmc.service" library="service.py" start="startup" />
  <extension point="xbmc.addon.metadata">
    <platform>all</platform>
    <summary>Mantenimiento</summary>
    <description>Manten limpio tu media center</description>
    <language></language>
    <license></license>
    <source></source>
    <forum></forum>
    <website></website>
  </extension>
</addon>
