<?xml version="1.0" encoding="UTF-8" standalone="yes"?>
<addon id="plugin.video.Real.stream"
       name="[COLOR orange]Real Stream[/COLOR]"
       version="0.3.0"
       provider-name="Netai">
  <requires>
    <import addon="xbmc.python" version="2.1.0"/>
    <import addon="script.module.simple.downloader" version="1.9.5"/>
	<import addon="plugin.program.favoritos-realstream" version="1.0.2"/>
    <import addon="script.module.urlresolver" optional="true"/>
    <import addon="script.extendedinfo" optional="true"/>
  </requires>
  <extension point="xbmc.python.pluginsource" library="run.py">
    <provides>video</provides>
  </extension>
    <extension point="xbmc.addon.repository" name="Realstream-repo">
		<info>https://raw.githubusercontent.com/Andorth/Realstream-addon/master/repo/addons.xml</info>
		<checksum>https://raw.githubusercontent.com/Andorth/Realstream-addon/master/repo/addons.xml.md5</checksum>
		<datadir zip="true">https://raw.githubusercontent.com/Andorth/Realstream-addon/master/repo/</datadir>
	</extension>
  <extension point="xbmc.addon.metadata">
    <summary lang="es">Libreria de tus peliculas.</summary>
    <language>es</language>
    <description lang="es">Libreria de peliculas de la nube en tu Kodi.</description>
     <platform>all</platform>
  </extension>
</addon>