<?xml version="1.0" encoding="UTF-8" standalone="yes"?>
<addon id="plugin.video.Real.stream"
       name="[COLOR pink]Real Stream[/COLOR]"
       version="0.2.0"
       provider-name="Netai">
  <requires>
    <import addon="xbmc.python" version="2.1.0"/>
    <import addon="plugin.program.videoteca" optional="true"/>
	<import addon="plugin.program.real.stream.fav" optional="true"/>
	<import addon="script.module.urlresolver" optional="true"/>
    <import addon="plugin.video.youtube" optional="true" />
  </requires>
  <extension point="xbmc.python.pluginsource"
            library="default.py">
        <provides>video</provides>
  </extension>
  <extension point="xbmc.addon.metadata">
    <summary lang="es">Real Stream</summary>
    <language>es</language>
    <description lang="es">Todo una videoteca de peliculas procedente de la nube a tu media center.</description>
     <platform>all</platform>
  </extension>
</addon>  </extension>
</addon>