<?xml version="1.0" encoding="UTF-8" standalone="yes"?>
<addon id="plugin.video.Real.stream"
       name="[COLOR fuchsia]Realstream[/COLOR]"
       version="4.04"
       provider-name="Grupo Netai">

  <requires>

    <import addon="xbmc.python" version="2.1.0"/>
	<import addon="script.module.resolveurl" version="5.0.00"/>
    <import addon="script.extendedinfo" optional="true"/>
	
  </requires>

 <dir>
  		<info>https://raw.githubusercontent.com/Andorth/Realstream-Repo/master/repo/addons.xml</info>
		<checksum>https://raw.githubusercontent.com/Andorth/Realstream-Repo/master/repo/addons.xml.md5</checksum>
		<datadir zip="true">https://raw.githubusercontent.com/Andorth/Realstream-Repo/master/repo/</datadir>
 </dir>

    <news>
	[COLOR orange]
	Cambios en esta version: 4.04
	
	Se arregla un fallo que permitia ver el contenido de peliculas sin estar registrado.
	[/COLOR]
	[COLOR gold]
	Nosotros ni nuestros usuarios alojamos contenido protegido por derechos de autor. Solamente enlazamos contenido de sitios publicos de internet. 
	[/COLOR]
    </news>
  <extension point="xbmc.python.pluginsource" library="run.py">

    <provides>video</provides>
  </extension>
  
  <extension point="xbmc.addon.metadata">
  <summary lang="es">Realstream</summary>
  <description lang="es">[COLOR white]Este addon es privado, y gratuito. No alojamos ningun contenido dentro del mismo. Solo mostramos contenido de sitios publicos de acceso libre en internet. No aceptamos donaciones ni pagos de ningun tipo. No pagues por este addon.[/COLOR]</description>
  <disclaimer>
  [COLOR red]Nosotros, ni nuestros usuarios alojamos ningun contenido en este addon. Todo el contenido proviene de internet de sitios publicos. Disponible para todo el mundo de forma publica y gratuita.[/COLOR]</disclaimer>
  <platform>all</platform>
  <license>GNU GPL v3</license>
  <platform>all</platform>
  	  <assets>
		<icon>icon.gif</icon>
		<fanart>fanart.jpg</fanart>
	  </assets>
  </extension>
</addon>