<?xml version="1.0" encoding="UTF-8"?>
<addon id="plugin.program.videoteca" version="0.0.1" name="Videoteca" provider-name="Netai">
    <requires>
        <import addon="xbmc.python" version="2.1.0"/>
        <import addon="script.module.urlresolver"/>
        <import addon="script.module.echo"/>
    </requires>
    <extension point="xbmc.python.module" library="lib" />
	<extension point="xbmc.python.pluginsource" library="default.py" />
	<extension point="xbmc.addon.metadata">
	
    <provides>executable</provides>
    </extension>
    <extension point="xbmc.addon.metadata">
        <summary>Tu videoteca</summary>
        <description>Gestiona tu libreria de enlaces a servidores publicos de internet, y reproducelos desde tu media center.</description>
        <platform>all</platform>
	</extension>
</addon>
