<?xml version="1.0" encoding="UTF-8"?>
<!--suppress ALL -->
<addon id="plugin.program.videoteca" version="0.0.1" name="Videoteca" provider-name="Netai">
    <requires>
        <import addon="xbmc.python" version="2.1.0"/>
        <import addon="script.module.urlresolver"/>
        <import addon="script.module.echo"/>
    </requires>
		<dir>
		<info compressed="false">https://github.com/tvaddonsco/tva-resolvers-repo/raw/master/addons.xml</info>
		<checksum>https://github.com/tvaddonsco/tva-resolvers-repo/raw/master/addons.xml.md5</checksum>
		<datadir zip="true">https://github.com/tvaddonsco/tva-resolvers-repo/raw/master/zips/</datadir>
	</dir>

    <dir>
		<info compressed="false">https://github.com/tvaddonsco/tva-release-repo/raw/master/addons.xml</info>
		<checksum>https://github.com/tvaddonsco/tva-release-repo/raw/master/addons.xml.md5</checksum>
		<datadir zip="true">https://github.com/tvaddonsco/tva-release-repo/raw/master/</datadir>
    </dir>
	
    <extension point="xbmc.python.module" library="lib" />
	<extension point="xbmc.python.pluginsource" library="default.py" />
	<extension point="xbmc.addon.metadata">
	
        <provides>executable</provides>
    </extension>
    <extension point="xbmc.addon.metadata">
        <summary>Tu videoteca</summary>
        <description>Gestiona tu libreria de enlaces a servidores publicos de internet, y reproducelos desde tu media center.</description>
        <platform>all</platform>
	</extension>
</addon>
