<?xml version="1.0" encoding="UTF-8" standalone="yes"?>
<addon id="plugin.video.Real.stream"
       name="Real Stream"
       version="0.2.2"
       provider-name="Netai">

<requires>
	<import addon="xbmc.python" version="2.1.0"/>
	<import addon="script.module.urlresolver"  version="2.2.0"/>
</requires>
 <extension point="xbmc.python.pluginsource"
            library="run.py">
        <provides>video</provides>
  </extension>
  <extension point="xbmc.addon.metadata">
    <summary lang="es">Libreria de tus peliculas.</summary>
    <language>es</language>
    <description lang="es">Libreria de peliculas de la nube en tu Kodi.</description>
     <platform>all</platform>
  </extension>
</addon>