<?xml version="1.0" encoding="UTF-8" standalone="yes"?>
<addon id="plugin.video.Real.stream"
       name="[COLOR fuchsia]Real Stream[/COLOR]"
       version="0.9.9"
       provider-name="Netai/Jose">
  <requires>
  
    <import addon="xbmc.python" version="2.1.0"/>
    <import addon="script.module.simple.downloader" version="1.9.5"/>
    <import addon="script.module.urlresolver" version="5.0.0"/>
	<import addon="script.module.resolveurl" version="5.0.0"/>
    <import addon="script.extendedinfo" optional="true"/>
    <import addon="plugin.video.youtube" />
	
  </requires>
    <news>
	[COLOR orange]
	Cambios en esta version:
	[/COLOR]
	[COLOR gold]
    - Cambios en esta version:
	- Adaptacion a kodi 18.4
	- Corregido error que provocaba cuelgue de Kodi cuando Realstream no encontraba un enlace.
	[/COLOR]
    </news>
  <extension point="xbmc.python.pluginsource" library="run.py">
    <provides>video</provides>
  </extension>
  <extension point="xbmc.addon.metadata">
  <summary lang="es">Realstream</summary>
  <description lang="es">Visualiza peliculas desde internet procedentes de servidores publicos y de acceso libre a todos los usuarios.</description>
  <disclaimer>
  [COLOR red]The owners and submitters to this addon do not host or distribute any of the content displayed by these addons nor do they have any affiliation with the content providers.[/COLOR]</disclaimer>
  <platform>all</platform>
  <license>GNU GPL v3</license>
  <platform>all</platform>
  </extension>
</addon>